report_date,warehouse_location,client_group,product_group,quantity,unit_price,total_price,payment_method
2022-05-01,Central,Retail,Miscellaneous,8,16.85,134.83,credit_card
2022-05-01,North,Retail,Breaking system,9,19.29,173.61,cash
2022-05-01,North,Retail,Suspension & traction,8,32.93,263.45,credit_card
2022-05-01,North,Wholesale,Frame & body,16,37.84,605.44,bank_transfer
2022-05-01,Central,Retail,Engine,2,60.48,120.96,credit_card
2022-05-01,North,Wholesale,Suspension & traction,40,37.37,1494.8,bank_transfer
2022-05-01,West,Retail,Electrical system,2,27.2,54.41,credit_card
2022-05-01,Central,Retail,Breaking system,10,22.44,224.38,credit_card
2022-05-01,West,Wholesale,Frame & body,40,39.5,1579.87,bank_transfer
2022-05-01,North,Retail,Frame & body,6,45.44,272.61,credit_card
2022-05-01,Central,Retail,Frame & body,6,38.2,229.22,credit_card
2022-05-01,Central,Retail,Suspension & traction,6,37.45,224.71,credit_card
2022-05-02,Central,Retail,Suspension & traction,6,28.67,172.01,credit_card
2022-05-02,Central,Retail,Breaking system,9,15.1,135.92,credit_card
2022-05-02,Central,Retail,Electrical system,10,22.37,223.68,credit_card
2022-05-02,West,Retail,Breaking system,2,24.97,49.94,credit_card
2022-05-02,North,Retail,Frame & body,1,40.41,40.41,credit_card
2022-05-02,North,Retail,Miscellaneous,6,20.28,121.66,credit_card
2022-05-02,Central,Retail,Frame & body,6,40.77,244.63,credit_card
2022-05-02,West,Retail,Frame & body,8,38.61,308.89,credit_card
2022-05-03,North,Retail,Electrical system,9,20.5,184.54,credit_card
2022-05-03,North,Retail,Suspension & traction,5,36.18,180.91,credit_card
2022-05-03,North,Retail,Electrical system,5,28.33,141.67,credit_card
2022-05-03,Central,Retail,Suspension & traction,6,35.52,213.15,credit_card
2022-05-03,Central,Retail,Electrical system,1,29.31,29.31,cash
2022-05-03,Central,Retail,Frame & body,1,48.9,48.9,credit_card
2022-05-03,West,Retail,Electrical system,2,20.19,40.37,credit_card
2022-05-03,Central,Retail,Electrical system,8,27.0,216.0,credit_card
2022-05-04,North,Retail,Suspension & traction,10,30.92,309.23,credit_card
2022-05-04,Central,Retail,Breaking system,4,19.78,79.14,credit_card
2022-05-04,Central,Retail,Frame & body,3,41.07,123.21,credit_card
2022-05-04,North,Retail,Electrical system,5,20.16,100.81,credit_card
2022-05-04,Central,Retail,Suspension & traction,1,37.03,37.03,credit_card
2022-05-04,West,Retail,Electrical system,9,27.78,249.98,credit_card
2022-05-05,Central,Retail,Breaking system,3,21.01,63.03,credit_card
2022-05-05,West,Retail,Breaking system,6,12.9,77.38,cash
2022-05-05,North,Wholesale,Electrical system,28,29.12,815.22,bank_transfer
2022-05-05,Central,Retail,Miscellaneous,1,25.2,25.2,credit_card
2022-05-05,Central,Retail,Breaking system,1,20.66,20.66,credit_card
2022-05-05,North,Retail,Electrical system,7,32.31,226.19,credit_card
2022-05-05,North,Wholesale,Suspension & traction,16,36.79,588.64,bank_transfer
2022-05-05,North,Retail,Suspension & traction,5,32.15,160.76,credit_card
2022-05-05,Central,Wholesale,Breaking system,4,13.65,54.6,bank_transfer
2022-05-05,Central,Retail,Suspension & traction,9,30.9,278.07,credit_card
2022-05-05,North,Retail,Suspension & traction,4,35.44,141.77,credit_card
2022-05-05,West,Retail,Engine,7,63.15,442.04,credit_card
2022-05-06,North,Wholesale,Suspension & traction,32,34.82,1114.13,bank_transfer
2022-05-06,Central,Retail,Suspension & traction,4,35.36,141.46,credit_card
2022-05-06,Central,Wholesale,Engine,36,63.41,2282.82,bank_transfer
2022-05-06,West,Retail,Miscellaneous,10,28.25,282.47,credit_card
2022-05-06,North,Retail,Frame & body,1,35.89,35.89,credit_card
2022-05-06,North,Retail,Breaking system,5,15.16,75.78,credit_card
2022-05-06,Central,Retail,Breaking system,4,21.95,87.79,credit_card
2022-05-06,North,Retail,Breaking system,7,15.43,108.0,credit_card
2022-05-06,North,Retail,Frame & body,4,44.1,176.39,credit_card
2022-05-07,Central,Wholesale,Frame & body,4,44.69,178.75,bank_transfer
2022-05-07,West,Retail,Miscellaneous,3,17.87,53.61,cash
2022-05-07,North,Retail,Frame & body,9,43.49,391.42,credit_card
2022-05-07,Central,Retail,Miscellaneous,4,28.19,112.76,credit_card
2022-05-07,Central,Retail,Breaking system,7,16.33,114.3,credit_card
2022-05-07,Central,Wholesale,Suspension & traction,40,28.64,1145.47,bank_transfer
2022-05-07,Central,Retail,Breaking system,6,24.6,147.61,credit_card
2022-05-07,North,Retail,Suspension & traction,9,28.59,257.31,credit_card
2022-05-07,North,Retail,Electrical system,4,29.62,118.48,credit_card
2022-05-08,North,Retail,Frame & body,5,39.52,197.62,cash
2022-05-08,West,Retail,Breaking system,1,10.46,10.46,credit_card
2022-05-08,Central,Retail,Breaking system,10,19.21,192.05,cash
2022-05-08,Central,Wholesale,Frame & body,8,44.14,353.11,bank_transfer
2022-05-08,Central,Retail,Miscellaneous,8,24.76,198.05,credit_card
2022-05-08,Central,Wholesale,Breaking system,40,20.77,830.67,bank_transfer
2022-05-08,West,Retail,Breaking system,9,13.62,122.6,credit_card
2022-05-08,West,Retail,Suspension & traction,4,32.56,130.25,credit_card
2022-05-08,North,Retail,Electrical system,4,25.04,100.15,credit_card
2022-05-08,Central,Wholesale,Miscellaneous,40,18.87,754.73,bank_transfer
2022-05-08,Central,Retail,Suspension & traction,2,33.18,66.37,credit_card
2022-05-08,West,Wholesale,Suspension & traction,12,34.26,411.14,bank_transfer
2022-05-08,West,Wholesale,Miscellaneous,12,17.39,208.62,bank_transfer
2022-05-08,North,Retail,Electrical system,3,29.93,89.8,credit_card
2022-05-08,North,Retail,Frame & body,2,35.46,70.92,credit_card
2022-05-08,Central,Retail,Frame & body,3,41.42,124.25,credit_card
2022-05-08,West,Wholesale,Breaking system,36,20.48,737.28,bank_transfer
2022-05-08,West,Wholesale,Breaking system,28,16.98,475.49,bank_transfer
2022-05-09,Central,Wholesale,Breaking system,36,16.51,594.24,bank_transfer
2022-05-09,West,Retail,Frame & body,10,49.24,492.4,credit_card
2022-05-09,Central,Retail,Frame & body,8,35.31,282.47,credit_card
2022-05-09,Central,Retail,Breaking system,6,16.55,99.32,credit_card
2022-05-09,North,Retail,Breaking system,5,14.76,73.78,credit_card
2022-05-09,West,Retail,Electrical system,7,32.73,229.1,cash
2022-05-09,Central,Retail,Suspension & traction,10,27.63,276.33,credit_card
2022-05-09,Central,Wholesale,Suspension & traction,12,28.65,343.8,bank_transfer
2022-05-10,Central,Retail,Electrical system,4,18.96,75.85,credit_card
2022-05-10,Central,Retail,Frame & body,8,47.3,378.37,credit_card
2022-05-10,North,Retail,Engine,2,56.04,112.09,credit_card
2022-05-10,Central,Retail,Electrical system,5,29.13,145.66,credit_card
2022-05-10,West,Wholesale,Miscellaneous,36,21.75,782.94,bank_transfer
2022-05-10,West,Retail,Frame & body,7,47.19,330.33,credit_card
2022-05-10,North,Retail,Suspension & traction,6,38.06,228.38,cash
2022-05-10,Central,Retail,Breaking system,7,21.64,151.5,credit_card
2022-05-10,North,Wholesale,Frame & body,28,37.0,1035.91,bank_transfer
2022-05-11,North,Retail,Miscellaneous,9,17.49,157.41,cash
2022-05-11,North,Retail,Breaking system,1,23.28,23.28,credit_card
2022-05-11,Central,Wholesale,Breaking system,28,14.46,404.93,bank_transfer
2022-05-11,North,Retail,Breaking system,5,10.63,53.16,credit_card
2022-05-11,North,Retail,Suspension & traction,6,41.09,246.52,credit_card
2022-05-11,North,Wholesale,Miscellaneous,24,21.42,514.0,bank_transfer
2022-05-11,North,Retail,Frame & body,4,47.06,188.22,credit_card
2022-05-11,West,Retail,Frame & body,2,47.86,95.72,credit_card
2022-05-12,North,Retail,Breaking system,10,13.24,132.37,credit_card
2022-05-12,West,Wholesale,Frame & body,28,42.85,1199.89,bank_transfer
2022-05-12,Central,Retail,Electrical system,2,26.2,52.41,credit_card
2022-05-12,Central,Retail,Suspension & traction,7,33.51,234.58,credit_card
2022-05-12,Central,Retail,Electrical system,1,21.18,21.18,cash
2022-05-12,Central,Retail,Frame & body,6,37.17,223.01,credit_card
2022-05-12,North,Retail,Breaking system,9,11.67,105.02,credit_card
2022-05-12,North,Retail,Suspension & traction,10,39.78,397.78,credit_card
2022-05-12,Central,Retail,Breaking system,10,22.21,222.08,credit_card
2022-05-12,Central,Retail,Suspension & traction,10,41.25,412.5,credit_card
2022-05-12,Central,Retail,Electrical system,8,31.93,255.41,credit_card
2022-05-13,North,Retail,Electrical system,9,23.27,209.43,credit_card
2022-05-13,North,Retail,Frame & body,7,40.93,286.51,credit_card
2022-05-13,Central,Retail,Frame & body,6,45.43,272.6,credit_card
2022-05-13,North,Retail,Suspension & traction,3,38.5,115.5,credit_card
2022-05-13,Central,Retail,Electrical system,10,23.61,236.08,cash
2022-05-13,Central,Wholesale,Breaking system,8,18.31,146.48,bank_transfer
2022-05-13,West,Retail,Miscellaneous,4,16.84,67.36,credit_card
2022-05-13,Central,Retail,Miscellaneous,2,25.4,50.8,credit_card
2022-05-13,Central,Retail,Breaking system,1,20.72,20.72,credit_card
2022-05-13,North,Retail,Suspension & traction,6,28.91,173.46,cash
2022-05-14,Central,Retail,Miscellaneous,1,27.47,27.47,credit_card
2022-05-14,North,Retail,Breaking system,10,17.67,176.73,credit_card
2022-05-14,Central,Retail,Electrical system,7,26.9,188.31,credit_card
2022-05-14,Central,Retail,Frame & body,1,39.14,39.14,credit_card
2022-05-14,Central,Retail,Miscellaneous,5,29.95,149.74,credit_card
2022-05-14,Central,Retail,Miscellaneous,7,25.51,178.57,credit_card
2022-05-14,Central,Retail,Electrical system,1,19.62,19.62,credit_card
2022-05-14,West,Retail,Miscellaneous,4,18.63,74.51,credit_card
2022-05-14,North,Wholesale,Breaking system,20,24.45,489.0,bank_transfer
2022-05-14,Central,Wholesale,Electrical system,12,26.74,320.94,bank_transfer
2022-05-14,Central,Retail,Breaking system,4,11.35,45.39,credit_card
2022-05-14,West,Retail,Suspension & traction,9,32.47,292.26,credit_card
2022-05-14,Central,Retail,Engine,7,58.86,412.06,credit_card
2022-05-15,Central,Wholesale,Engine,28,63.54,1779.07,bank_transfer
2022-05-15,Central,Retail,Suspension & traction,10,41.23,412.28,credit_card
2022-05-15,North,Retail,Frame & body,7,36.52,255.62,credit_card
2022-05-15,Central,Retail,Breaking system,2,20.59,41.17,credit_card
2022-05-15,Central,Retail,Electrical system,5,29.28,146.38,credit_card
2022-05-15,Central,Wholesale,Frame & body,24,48.95,1174.88,bank_transfer
2022-05-15,North,Retail,Electrical system,9,26.81,241.32,credit_card
2022-05-15,North,Wholesale,Suspension & traction,36,39.87,1435.26,bank_transfer
2022-05-15,Central,Retail,Engine,10,61.08,610.78,credit_card
2022-05-15,North,Retail,Suspension & traction,6,26.9,161.43,credit_card
2022-05-15,West,Retail,Miscellaneous,5,16.24,81.2,credit_card
2022-05-15,North,Retail,Breaking system,2,22.3,44.59,credit_card
2022-05-15,West,Retail,Suspension & traction,10,34.31,343.12,credit_card
2022-05-16,North,Wholesale,Suspension & traction,40,35.59,1423.73,bank_transfer
2022-05-16,Central,Retail,Suspension & traction,10,40.93,409.3,credit_card
2022-05-16,Central,Retail,Miscellaneous,9,28.88,259.89,credit_card
2022-05-16,North,Retail,Frame & body,2,48.86,97.73,credit_card
2022-05-16,Central,Retail,Frame & body,7,48.46,339.2,credit_card
2022-05-16,Central,Retail,Frame & body,2,35.92,71.83,credit_card
2022-05-16,Central,Retail,Breaking system,4,14.87,59.47,credit_card
2022-05-16,Central,Retail,Frame & body,7,36.19,253.33,cash
2022-05-16,Central,Retail,Miscellaneous,9,22.1,198.9,credit_card
2022-05-16,Central,Wholesale,Breaking system,4,16.89,67.57,bank_transfer
2022-05-17,Central,Retail,Suspension & traction,7,40.76,285.36,credit_card
2022-05-17,Central,Retail,Frame & body,2,40.1,80.21,credit_card
2022-05-17,North,Retail,Miscellaneous,10,26.87,268.68,cash
2022-05-17,Central,Wholesale,Frame & body,20,45.32,906.4,bank_transfer
2022-05-17,Central,Wholesale,Electrical system,8,27.14,217.09,bank_transfer
2022-05-17,Central,Wholesale,Miscellaneous,8,22.98,183.85,bank_transfer
2022-05-17,North,Retail,Frame & body,3,37.62,112.85,credit_card
2022-05-17,North,Retail,Frame & body,7,43.15,302.06,cash
2022-05-17,North,Retail,Suspension & traction,6,28.59,171.52,credit_card
2022-05-17,Central,Wholesale,Miscellaneous,8,24.28,194.2,bank_transfer
2022-05-17,Central,Wholesale,Suspension & traction,4,39.45,157.81,bank_transfer
2022-05-18,North,Wholesale,Frame & body,24,48.18,1156.24,bank_transfer
2022-05-18,Central,Wholesale,Frame & body,36,48.44,1743.78,bank_transfer
2022-05-18,West,Retail,Electrical system,1,23.24,23.24,credit_card
2022-05-18,North,Wholesale,Breaking system,12,23.02,276.3,bank_transfer
2022-05-18,Central,Wholesale,Breaking system,24,11.25,269.92,bank_transfer
2022-05-18,North,Retail,Suspension & traction,5,29.38,146.93,credit_card
2022-05-18,North,Retail,Suspension & traction,9,28.23,254.04,credit_card
2022-05-18,Central,Retail,Miscellaneous,8,16.63,133.05,credit_card
2022-05-18,Central,Retail,Breaking system,7,18.46,129.2,credit_card
2022-05-19,North,Wholesale,Frame & body,16,44.54,712.69,bank_transfer
2022-05-19,North,Retail,Breaking system,6,24.85,149.1,credit_card
2022-05-19,North,Retail,Suspension & traction,10,32.61,326.13,credit_card
2022-05-19,North,Retail,Miscellaneous,8,18.98,151.84,credit_card
2022-05-19,North,Retail,Frame & body,10,44.03,440.32,cash
2022-05-19,Central,Retail,Suspension & traction,6,33.82,202.89,credit_card
2022-05-19,North,Retail,Suspension & traction,9,34.68,312.1,credit_card
2022-05-19,Central,Retail,Frame & body,3,43.84,131.53,credit_card
2022-05-19,Central,Retail,Electrical system,8,18.68,149.47,credit_card
2022-05-19,North,Retail,Miscellaneous,6,21.88,131.28,credit_card
2022-05-19,West,Retail,Frame & body,1,46.82,46.82,credit_card
2022-05-19,West,Retail,Suspension & traction,4,34.35,137.42,credit_card
2022-05-19,West,Retail,Miscellaneous,8,20.53,164.24,credit_card
2022-05-19,North,Wholesale,Suspension & traction,12,26.99,323.88,bank_transfer
2022-05-19,West,Retail,Breaking system,4,18.26,73.06,credit_card
2022-05-19,West,Wholesale,Suspension & traction,4,39.77,159.07,bank_transfer
2022-05-20,West,Retail,Electrical system,7,27.35,191.43,credit_card
2022-05-20,Central,Retail,Suspension & traction,3,31.25,93.74,credit_card
2022-05-20,Central,Wholesale,Frame & body,16,47.16,754.48,bank_transfer
2022-05-20,West,Retail,Breaking system,8,10.94,87.49,credit_card
2022-05-20,North,Wholesale,Breaking system,32,18.98,607.36,bank_transfer
2022-05-20,North,Retail,Suspension & traction,10,37.06,370.58,credit_card
2022-05-20,West,Wholesale,Suspension & traction,32,39.88,1276.0,bank_transfer
2022-05-20,North,Wholesale,Electrical system,16,25.92,414.67,bank_transfer
2022-05-20,Central,Retail,Suspension & traction,2,33.91,67.81,credit_card
2022-05-20,North,Retail,Frame & body,2,48.86,97.71,cash
2022-05-21,North,Retail,Miscellaneous,3,22.45,67.34,credit_card
2022-05-21,North,Retail,Electrical system,7,25.53,178.7,cash
2022-05-21,West,Retail,Engine,6,66.53,399.19,cash
2022-05-21,North,Retail,Suspension & traction,6,37.99,227.95,credit_card
2022-05-21,North,Wholesale,Breaking system,8,14.39,115.15,bank_transfer
2022-05-21,Central,Retail,Frame & body,1,49.69,49.69,credit_card
2022-05-21,West,Wholesale,Miscellaneous,4,24.83,99.32,bank_transfer
2022-05-21,North,Retail,Suspension & traction,6,37.2,223.22,credit_card
2022-05-22,North,Retail,Suspension & traction,3,30.11,90.34,credit_card
2022-05-22,North,Retail,Suspension & traction,9,37.44,337.0,credit_card
2022-05-22,Central,Retail,Suspension & traction,5,31.56,157.82,credit_card
2022-05-22,Central,Retail,Engine,6,59.3,355.81,cash
2022-05-22,Central,Wholesale,Engine,4,63.58,254.34,bank_transfer
2022-05-22,Central,Retail,Engine,5,53.4,266.98,credit_card
2022-05-22,Central,Retail,Breaking system,5,13.14,65.72,credit_card
2022-05-23,North,Retail,Miscellaneous,9,21.27,191.44,credit_card
2022-05-23,West,Retail,Electrical system,7,33.33,233.29,credit_card
2022-05-23,Central,Retail,Electrical system,5,18.5,92.49,credit_card
2022-05-23,North,Retail,Suspension & traction,6,36.01,216.06,credit_card
2022-05-23,North,Retail,Engine,5,65.99,329.96,cash
2022-05-23,North,Retail,Breaking system,1,13.44,13.44,credit_card
2022-05-23,West,Retail,Electrical system,3,30.68,92.02,credit_card
2022-05-23,North,Retail,Miscellaneous,6,29.76,178.53,credit_card
2022-05-23,West,Wholesale,Suspension & traction,16,32.9,526.35,bank_transfer
2022-05-23,West,Retail,Frame & body,10,48.3,483.0,cash
2022-05-23,West,Retail,Breaking system,8,11.54,92.33,credit_card
2022-05-23,Central,Wholesale,Breaking system,32,14.74,471.84,bank_transfer
2022-05-23,North,Retail,Engine,4,59.69,238.77,credit_card
2022-05-23,Central,Retail,Suspension & traction,6,38.96,233.77,cash
2022-05-23,North,Retail,Breaking system,5,11.32,56.62,cash
2022-05-23,Central,Retail,Electrical system,1,30.51,30.51,credit_card
2022-05-23,Central,Retail,Breaking system,7,15.91,111.35,credit_card
2022-05-24,North,Retail,Breaking system,8,22.78,182.24,credit_card
2022-05-24,Central,Retail,Frame & body,6,37.18,223.08,credit_card
2022-05-24,West,Retail,Suspension & traction,3,39.29,117.86,cash
2022-05-24,Central,Retail,Electrical system,10,23.38,233.83,credit_card
2022-05-24,North,Retail,Frame & body,10,46.46,464.62,credit_card
2022-05-24,Central,Retail,Electrical system,7,29.31,205.19,credit_card
2022-05-24,Central,Retail,Suspension & traction,5,37.21,186.07,credit_card
2022-05-24,Central,Retail,Frame & body,10,46.1,461.0,credit_card
2022-05-24,West,Retail,Suspension & traction,1,35.15,35.15,cash
2022-05-24,Central,Retail,Breaking system,3,23.87,71.61,credit_card
2022-05-24,North,Wholesale,Electrical system,32,24.77,792.64,bank_transfer
2022-05-24,North,Retail,Electrical system,8,18.43,147.41,credit_card
2022-05-24,North,Retail,Electrical system,5,29.58,147.92,credit_card
2022-05-25,Central,Retail,Breaking system,2,18.49,36.99,credit_card
2022-05-25,Central,Retail,Miscellaneous,7,21.42,149.93,cash
2022-05-25,Central,Retail,Electrical system,4,25.19,100.75,credit_card
2022-05-25,North,Wholesale,Frame & body,16,40.01,640.13,bank_transfer
2022-05-25,North,Retail,Suspension & traction,4,35.0,140.01,cash
2022-05-25,Central,Retail,Frame & body,2,36.98,73.96,credit_card
2022-05-25,Central,Retail,Engine,1,66.02,66.02,credit_card
2022-05-25,West,Retail,Breaking system,1,10.9,10.9,credit_card
2022-05-25,Central,Retail,Miscellaneous,5,28.06,140.3,credit_card
2022-05-25,North,Retail,Breaking system,1,20.68,20.68,cash
2022-05-25,Central,Retail,Breaking system,7,14.94,104.56,cash
2022-05-25,West,Retail,Breaking system,3,22.48,67.44,credit_card
2022-05-25,Central,Retail,Electrical system,10,31.75,317.5,credit_card
2022-05-25,West,Retail,Frame & body,9,45.03,405.28,cash
2022-05-25,West,Retail,Engine,8,55.72,445.75,credit_card
2022-05-25,North,Retail,Suspension & traction,9,29.37,264.34,credit_card
2022-05-25,North,Wholesale,Suspension & traction,12,33.88,406.6,bank_transfer
2022-05-26,West,Retail,Breaking system,1,19.16,19.16,credit_card
2022-05-26,North,Retail,Breaking system,1,11.89,11.89,credit_card
2022-05-26,North,Retail,Breaking system,1,10.35,10.35,credit_card
2022-05-26,Central,Wholesale,Miscellaneous,8,26.48,211.84,bank_transfer
2022-05-26,Central,Retail,Frame & body,5,41.92,209.62,credit_card
2022-05-26,Central,Retail,Breaking system,2,13.89,27.78,credit_card
2022-05-26,Central,Retail,Breaking system,3,24.45,73.34,credit_card
2022-05-26,North,Retail,Electrical system,7,25.28,176.97,cash
2022-05-26,Central,Wholesale,Electrical system,36,28.23,1016.22,bank_transfer
2022-05-26,Central,Retail,Suspension & traction,4,29.26,117.03,credit_card
2022-05-26,West,Retail,Breaking system,5,14.48,72.38,credit_card
2022-05-26,Central,Retail,Electrical system,7,31.18,218.26,credit_card
2022-05-26,Central,Retail,Breaking system,2,21.9,43.79,credit_card
2022-05-26,Central,Wholesale,Miscellaneous,20,26.68,533.5,bank_transfer
2022-05-26,Central,Retail,Breaking system,10,14.66,146.58,credit_card
2022-05-26,West,Retail,Frame & body,10,40.81,408.1,cash
2022-05-26,Central,Retail,Electrical system,3,22.3,66.9,credit_card
2022-05-27,Central,Wholesale,Breaking system,36,17.34,624.42,bank_transfer
2022-05-27,North,Retail,Engine,8,59.7,477.63,credit_card
2022-05-27,Central,Wholesale,Electrical system,40,24.43,977.13,bank_transfer
2022-05-27,Central,Retail,Engine,4,66.03,264.11,credit_card
2022-05-27,West,Retail,Miscellaneous,6,28.37,170.24,credit_card
2022-05-27,North,Retail,Electrical system,1,28.88,28.88,credit_card
2022-05-27,North,Retail,Frame & body,5,38.71,193.54,cash
2022-05-27,Central,Retail,Suspension & traction,10,33.17,331.68,credit_card
2022-05-27,North,Retail,Breaking system,7,17.38,121.66,credit_card
2022-05-27,North,Retail,Miscellaneous,6,26.95,161.71,credit_card
2022-05-27,West,Retail,Suspension & traction,7,29.04,203.28,credit_card
2022-05-27,Central,Retail,Frame & body,10,35.73,357.27,credit_card
2022-05-27,North,Retail,Suspension & traction,2,27.0,54.01,credit_card
2022-05-27,West,Retail,Suspension & traction,2,36.57,73.13,credit_card
2022-05-28,North,Retail,Miscellaneous,7,15.26,106.79,credit_card
2022-05-28,West,Retail,Electrical system,6,19.79,118.77,credit_card
2022-05-28,Central,Retail,Breaking system,5,12.3,61.52,cash
2022-05-28,Central,Retail,Frame & body,9,46.34,417.1,credit_card
2022-05-28,West,Retail,Frame & body,8,46.83,374.63,credit_card
2022-05-28,Central,Retail,Engine,8,62.56,500.49,credit_card
2022-05-28,Central,Retail,Engine,1,53.19,53.19,credit_card
2022-05-28,Central,Retail,Electrical system,8,33.19,265.55,credit_card
2022-05-28,Central,Wholesale,Electrical system,12,31.13,373.6,bank_transfer
2022-05-28,Central,Retail,Suspension & traction,4,36.64,146.54,cash
2022-05-28,North,Retail,Suspension & traction,8,29.03,232.24,credit_card
2022-05-28,Central,Wholesale,Suspension & traction,40,28.57,1142.87,bank_transfer
2022-05-28,Central,Retail,Electrical system,5,19.57,97.84,credit_card
2022-05-28,Central,Wholesale,Engine,36,62.02,2232.66,bank_transfer
2022-05-29,North,Retail,Frame & body,4,37.0,148.01,credit_card
2022-05-29,Central,Wholesale,Breaking system,16,13.77,220.32,bank_transfer
2022-05-29,Central,Retail,Engine,1,56.72,56.72,credit_card
2022-05-29,West,Retail,Breaking system,6,15.35,92.08,credit_card
2022-05-29,West,Retail,Electrical system,10,26.46,264.6,credit_card
2022-05-29,Central,Retail,Frame & body,10,37.78,377.78,credit_card
2022-05-29,North,Retail,Breaking system,9,22.21,199.86,credit_card
2022-05-29,Central,Retail,Miscellaneous,6,27.34,164.05,credit_card
2022-05-29,West,Retail,Frame & body,6,36.52,219.15,credit_card
2022-05-29,North,Wholesale,Frame & body,20,37.99,759.77,bank_transfer
2022-05-29,North,Wholesale,Suspension & traction,20,39.56,791.23,bank_transfer
2022-05-29,North,Retail,Electrical system,1,23.1,23.1,credit_card
2022-05-30,Central,Retail,Suspension & traction,8,32.07,256.56,credit_card
2022-05-30,West,Retail,Frame & body,1,37.06,37.06,credit_card
2022-05-30,Central,Retail,Electrical system,4,20.61,82.43,credit_card
2022-05-30,North,Wholesale,Suspension & traction,12,40.63,487.56,bank_transfer
2022-05-30,West,Wholesale,Miscellaneous,40,29.75,1190.13,bank_transfer
2022-05-30,Central,Retail,Suspension & traction,1,28.83,28.83,credit_card
2022-05-30,West,Retail,Miscellaneous,5,29.5,147.52,credit_card
2022-05-30,Central,Wholesale,Suspension & traction,20,26.76,535.1,bank_transfer
2022-05-30,West,Retail,Frame & body,2,46.07,92.13,cash
2022-06-01,Central,Retail,Breaking system,10,18.7,186.97,credit_card
2022-06-01,West,Wholesale,Suspension & traction,16,31.18,498.83,bank_transfer
2022-06-01,Central,Retail,Suspension & traction,6,32.56,195.35,credit_card
2022-06-01,West,Wholesale,Breaking system,32,24.78,793.07,bank_transfer
2022-06-01,West,Retail,Frame & body,9,37.29,335.62,credit_card
2022-06-01,Central,Retail,Breaking system,2,19.85,39.69,cash
2022-06-01,North,Retail,Suspension & traction,1,36.06,36.06,credit_card
2022-06-01,Central,Retail,Electrical system,10,28.69,286.88,credit_card
2022-06-01,Central,Retail,Electrical system,4,23.83,95.33,credit_card
2022-06-01,Central,Retail,Frame & body,1,45.97,45.97,credit_card
2022-06-01,North,Wholesale,Suspension & traction,16,28.46,455.39,bank_transfer
2022-06-01,Central,Retail,Frame & body,6,46.66,279.93,credit_card
2022-06-01,North,Retail,Breaking system,8,16.89,135.12,cash
2022-06-01,Central,Wholesale,Electrical system,36,31.31,1127.22,bank_transfer
2022-06-02,Central,Retail,Suspension & traction,9,28.84,259.6,credit_card
2022-06-02,West,Wholesale,Suspension & traction,36,38.47,1384.74,bank_transfer
2022-06-02,West,Retail,Breaking system,6,22.91,137.48,credit_card
2022-06-02,North,Wholesale,Frame & body,28,44.92,1257.76,bank_transfer
2022-06-02,North,Retail,Miscellaneous,5,15.7,78.53,credit_card
2022-06-02,North,Wholesale,Engine,16,62.95,1007.15,bank_transfer
2022-06-03,West,Retail,Miscellaneous,8,24.33,194.63,credit_card
2022-06-03,Central,Retail,Breaking system,7,12.59,88.15,credit_card
2022-06-03,North,Wholesale,Breaking system,40,15.52,620.87,bank_transfer
2022-06-03,West,Retail,Electrical system,6,22.58,135.49,credit_card
2022-06-03,West,Retail,Miscellaneous,1,19.74,19.74,credit_card
2022-06-03,Central,Retail,Electrical system,7,21.04,147.3,cash
2022-06-03,Central,Wholesale,Breaking system,8,22.22,177.8,bank_transfer
2022-06-03,North,Wholesale,Frame & body,32,41.92,1341.44,bank_transfer
2022-06-03,North,Retail,Miscellaneous,10,15.16,151.6,cash
2022-06-03,Central,Wholesale,Breaking system,36,16.09,579.3,bank_transfer
2022-06-03,West,Retail,Breaking system,4,24.24,96.95,cash
2022-06-03,North,Retail,Engine,1,53.06,53.06,credit_card
2022-06-03,Central,Wholesale,Suspension & traction,8,34.35,274.81,bank_transfer
2022-06-03,Central,Retail,Suspension & traction,8,40.65,325.16,credit_card
2022-06-04,Central,Retail,Breaking system,1,17.3,17.3,credit_card
2022-06-04,North,Retail,Breaking system,10,19.58,195.75,cash
2022-06-04,Central,Wholesale,Miscellaneous,28,28.57,799.87,bank_transfer
2022-06-04,North,Retail,Miscellaneous,5,17.88,89.4,credit_card
2022-06-04,Central,Wholesale,Frame & body,4,45.66,182.65,bank_transfer
2022-06-04,Central,Retail,Frame & body,3,40.49,121.48,credit_card
2022-06-04,North,Retail,Suspension & traction,10,37.13,371.3,credit_card
2022-06-04,Central,Retail,Frame & body,9,42.51,382.6,credit_card
2022-06-04,West,Retail,Frame & body,10,41.56,415.55,credit_card
2022-06-04,Central,Retail,Miscellaneous,5,21.19,105.97,credit_card
2022-06-04,West,Retail,Frame & body,4,45.66,182.63,cash
2022-06-04,Central,Retail,Miscellaneous,5,20.09,100.43,credit_card
2022-06-04,North,Retail,Suspension & traction,7,40.81,285.69,credit_card
2022-06-04,North,Retail,Breaking system,5,21.17,105.85,credit_card
2022-06-05,Central,Retail,Miscellaneous,1,24.63,24.63,cash
2022-06-05,North,Wholesale,Electrical system,28,20.87,584.36,bank_transfer
2022-06-05,Central,Retail,Suspension & traction,9,37.95,341.52,credit_card
2022-06-05,North,Retail,Breaking system,4,16.44,65.75,credit_card
2022-06-05,Central,Retail,Breaking system,4,12.22,48.89,credit_card
2022-06-05,North,Retail,Electrical system,7,29.1,203.68,credit_card
2022-06-05,North,Retail,Frame & body,5,40.51,202.55,credit_card
2022-06-05,West,Retail,Electrical system,9,18.97,170.77,credit_card
2022-06-05,Central,Retail,Breaking system,2,20.34,40.68,credit_card
2022-06-05,North,Wholesale,Suspension & traction,4,36.99,147.97,bank_transfer
2022-06-05,West,Wholesale,Suspension & traction,4,27.33,109.32,bank_transfer
2022-06-06,West,Retail,Electrical system,10,28.1,281.0,credit_card
2022-06-06,North,Wholesale,Suspension & traction,8,28.48,227.85,bank_transfer
2022-06-06,Central,Retail,Breaking system,2,19.89,39.78,cash
2022-06-06,North,Retail,Breaking system,1,13.44,13.44,credit_card
2022-06-06,North,Retail,Miscellaneous,1,27.98,27.98,credit_card
2022-06-06,West,Retail,Engine,3,66.37,199.1,credit_card
2022-06-06,North,Retail,Frame & body,3,45.87,137.6,cash
2022-06-06,Central,Retail,Frame & body,2,36.08,72.16,credit_card
2022-06-06,North,Retail,Suspension & traction,6,29.32,175.91,credit_card
2022-06-06,Central,Retail,Miscellaneous,6,21.21,127.27,credit_card
2022-06-06,Central,Wholesale,Breaking system,36,15.47,556.92,bank_transfer
2022-06-06,Central,Retail,Engine,9,59.71,537.36,credit_card
2022-06-07,Central,Wholesale,Suspension & traction,24,33.41,801.8,bank_transfer
2022-06-07,Central,Retail,Electrical system,8,21.42,171.33,credit_card
2022-06-07,Central,Wholesale,Breaking system,16,10.75,171.95,bank_transfer
2022-06-07,West,Retail,Miscellaneous,1,22.07,22.07,credit_card
2022-06-07,Central,Retail,Miscellaneous,9,16.67,150.01,credit_card
2022-06-07,Central,Retail,Breaking system,4,24.5,97.99,credit_card
2022-06-07,North,Retail,Engine,5,55.95,279.73,credit_card
2022-06-07,Central,Wholesale,Electrical system,40,20.98,839.33,bank_transfer
2022-06-07,North,Wholesale,Suspension & traction,24,31.24,749.76,bank_transfer
2022-06-07,Central,Retail,Electrical system,10,20.49,204.92,cash
2022-06-07,Central,Retail,Suspension & traction,5,30.97,154.84,credit_card
2022-06-07,Central,Retail,Breaking system,4,24.9,99.61,credit_card
2022-06-07,West,Retail,Electrical system,1,31.62,31.62,credit_card
2022-06-08,North,Retail,Frame & body,1,40.93,40.93,credit_card
2022-06-08,Central,Retail,Electrical system,6,24.34,146.02,credit_card
2022-06-08,Central,Retail,Breaking system,6,15.58,93.46,credit_card
2022-06-08,Central,Retail,Miscellaneous,6,16.08,96.48,credit_card
2022-06-08,Central,Retail,Electrical system,8,26.32,210.55,credit_card
2022-06-08,Central,Retail,Breaking system,5,18.95,94.76,credit_card
2022-06-08,North,Retail,Suspension & traction,8,40.52,324.16,cash
2022-06-08,Central,Retail,Engine,10,59.82,598.25,cash
2022-06-08,North,Retail,Engine,8,64.93,519.47,credit_card
2022-06-08,Central,Wholesale,Electrical system,16,27.66,442.51,bank_transfer
2022-06-08,Central,Retail,Frame & body,1,35.03,35.03,credit_card
2022-06-08,Central,Retail,Breaking system,2,22.69,45.38,credit_card
2022-06-08,West,Retail,Electrical system,8,23.48,187.81,credit_card
2022-06-08,Central,Retail,Miscellaneous,10,22.39,223.93,cash
2022-06-08,Central,Retail,Suspension & traction,7,27.78,194.45,credit_card
2022-06-08,Central,Retail,Suspension & traction,9,28.67,258.03,credit_card
2022-06-08,Central,Retail,Breaking system,8,18.4,147.21,credit_card
2022-06-08,North,Retail,Miscellaneous,10,20.53,205.32,credit_card
2022-06-08,North,Retail,Suspension & traction,1,29.83,29.83,credit_card
2022-06-08,Central,Retail,Electrical system,10,29.9,298.98,credit_card
2022-06-09,North,Retail,Breaking system,1,11.62,11.62,cash
2022-06-09,West,Retail,Frame & body,5,44.16,220.81,credit_card
2022-06-09,Central,Retail,Suspension & traction,6,27.73,166.37,credit_card
2022-06-09,Central,Retail,Suspension & traction,4,30.29,121.17,cash
2022-06-09,Central,Retail,Electrical system,7,22.86,160.01,credit_card
2022-06-09,Central,Retail,Frame & body,9,48.38,435.42,credit_card
2022-06-09,North,Retail,Frame & body,7,47.72,334.03,credit_card
2022-06-09,Central,Retail,Breaking system,1,13.92,13.92,cash
2022-06-09,North,Retail,Breaking system,10,24.83,248.3,credit_card
2022-06-09,Central,Retail,Suspension & traction,4,32.74,130.98,cash
2022-06-09,West,Wholesale,Breaking system,40,24.53,981.4,bank_transfer
2022-06-09,Central,Retail,Frame & body,6,44.85,269.12,credit_card
2022-06-10,North,Retail,Breaking system,1,13.64,13.64,credit_card
2022-06-10,West,Retail,Engine,10,64.1,641.02,credit_card
2022-06-10,Central,Retail,Breaking system,3,17.88,53.64,credit_card
2022-06-10,Central,Retail,Breaking system,1,11.93,11.93,credit_card
2022-06-10,West,Retail,Suspension & traction,6,27.08,162.45,credit_card
2022-06-10,Central,Retail,Miscellaneous,3,16.85,50.54,credit_card
2022-06-10,Central,Retail,Suspension & traction,6,27.66,165.95,credit_card
2022-06-10,North,Wholesale,Miscellaneous,36,19.17,690.24,bank_transfer
2022-06-10,Central,Wholesale,Suspension & traction,24,35.98,863.64,bank_transfer
2022-06-10,West,Retail,Breaking system,7,19.04,133.3,credit_card
2022-06-10,Central,Wholesale,Electrical system,12,30.23,362.8,bank_transfer
2022-06-10,North,Wholesale,Frame & body,40,37.04,1481.6,bank_transfer
2022-06-10,Central,Retail,Suspension & traction,4,32.66,130.65,credit_card
2022-06-11,Central,Retail,Electrical system,6,19.82,118.93,credit_card
2022-06-11,North,Retail,Breaking system,7,17.28,120.93,cash
2022-06-11,North,Retail,Miscellaneous,5,20.76,103.82,credit_card
2022-06-11,West,Wholesale,Breaking system,28,20.56,575.77,bank_transfer
2022-06-11,West,Retail,Electrical system,2,22.24,44.49,credit_card
2022-06-11,North,Retail,Suspension & traction,1,37.34,37.34,credit_card
2022-06-11,Central,Wholesale,Electrical system,12,24.68,296.18,bank_transfer
2022-06-11,Central,Retail,Frame & body,4,39.14,156.56,cash
2022-06-11,North,Wholesale,Breaking system,40,13.36,534.27,bank_transfer
2022-06-11,Central,Retail,Electrical system,10,29.69,296.88,credit_card
2022-06-11,Central,Wholesale,Suspension & traction,28,31.15,872.25,bank_transfer
2022-06-12,Central,Retail,Engine,9,64.02,576.14,credit_card
2022-06-12,West,Wholesale,Suspension & traction,20,39.45,788.97,bank_transfer
2022-06-12,West,Retail,Breaking system,10,18.69,186.87,cash
2022-06-12,North,Retail,Suspension & traction,3,38.35,115.04,credit_card
2022-06-12,West,Retail,Breaking system,10,23.2,232.0,credit_card
2022-06-12,Central,Retail,Suspension & traction,3,37.84,113.52,cash
2022-06-12,North,Retail,Frame & body,4,49.13,196.51,credit_card
2022-06-12,Central,Wholesale,Miscellaneous,40,26.2,1048.0,bank_transfer
2022-06-13,North,Retail,Electrical system,5,24.49,122.46,credit_card
2022-06-13,Central,Retail,Breaking system,8,24.14,193.16,credit_card
2022-06-13,North,Retail,Electrical system,6,20.9,125.43,credit_card
2022-06-13,North,Retail,Frame & body,2,45.27,90.54,credit_card
2022-06-13,Central,Retail,Electrical system,1,23.25,23.25,credit_card
2022-06-13,Central,Retail,Miscellaneous,10,27.85,278.5,credit_card
2022-06-13,West,Wholesale,Breaking system,4,17.06,68.23,bank_transfer
2022-06-13,Central,Wholesale,Suspension & traction,40,35.06,1402.53,bank_transfer
2022-06-14,Central,Retail,Frame & body,4,36.7,146.79,credit_card
2022-06-14,Central,Retail,Breaking system,7,12.08,84.6,credit_card
2022-06-14,North,Retail,Suspension & traction,4,30.38,121.5,credit_card
2022-06-14,West,Wholesale,Breaking system,8,23.83,190.64,bank_transfer
2022-06-14,North,Retail,Electrical system,1,29.47,29.47,cash
2022-06-14,Central,Wholesale,Miscellaneous,8,15.81,126.49,bank_transfer
2022-06-14,Central,Retail,Frame & body,6,35.62,213.69,credit_card
2022-06-14,Central,Retail,Breaking system,5,13.26,66.3,credit_card
2022-06-15,West,Wholesale,Miscellaneous,8,29.9,239.16,bank_transfer
2022-06-15,North,Retail,Frame & body,3,40.78,122.32,credit_card
2022-06-15,Central,Wholesale,Frame & body,28,43.35,1213.71,bank_transfer
2022-06-15,Central,Wholesale,Miscellaneous,40,17.94,717.73,bank_transfer
2022-06-15,North,Retail,Suspension & traction,8,41.59,332.75,credit_card
2022-06-15,Central,Retail,Electrical system,4,29.29,117.16,credit_card
2022-06-15,West,Retail,Engine,2,59.72,119.44,credit_card
2022-06-15,North,Retail,Electrical system,1,31.88,31.88,credit_card
2022-06-16,West,Retail,Electrical system,8,22.27,178.19,credit_card
2022-06-16,West,Wholesale,Breaking system,12,21.75,260.96,bank_transfer
2022-06-16,West,Retail,Suspension & traction,1,41.47,41.47,credit_card
2022-06-16,Central,Retail,Miscellaneous,9,26.23,236.1,credit_card
2022-06-16,West,Retail,Electrical system,10,22.13,221.33,credit_card
2022-06-16,North,Retail,Miscellaneous,3,24.52,73.55,credit_card
2022-06-16,Central,Wholesale,Breaking system,40,24.88,995.33,bank_transfer
2022-06-16,North,Retail,Suspension & traction,8,36.66,293.28,credit_card
2022-06-16,Central,Retail,Suspension & traction,9,39.71,357.38,credit_card
2022-06-16,North,Retail,Breaking system,3,16.99,50.97,credit_card
2022-06-16,North,Retail,Breaking system,3,17.03,51.1,credit_card
2022-06-16,Central,Wholesale,Frame & body,4,48.05,192.21,bank_transfer
2022-06-16,Central,Retail,Engine,6,59.6,357.59,credit_card
2022-06-16,Central,Wholesale,Electrical system,28,29.48,825.53,bank_transfer
2022-06-16,Central,Retail,Breaking system,7,20.47,143.31,credit_card
2022-06-16,West,Wholesale,Electrical system,16,28.09,449.47,bank_transfer
2022-06-16,Central,Retail,Suspension & traction,5,27.96,139.81,credit_card
2022-06-16,West,Retail,Frame & body,3,37.46,112.37,credit_card
2022-06-16,North,Retail,Electrical system,6,19.21,115.26,credit_card
2022-06-17,North,Retail,Miscellaneous,7,17.47,122.29,credit_card
2022-06-17,Central,Retail,Suspension & traction,5,27.01,135.04,credit_card
2022-06-17,Central,Retail,Breaking system,4,18.36,73.45,credit_card
2022-06-17,Central,Retail,Frame & body,10,41.98,419.85,credit_card
2022-06-17,Central,Retail,Breaking system,1,23.56,23.56,credit_card
2022-06-17,West,Retail,Breaking system,7,24.63,172.42,credit_card
2022-06-17,Central,Retail,Breaking system,9,14.42,129.76,credit_card
2022-06-17,West,Retail,Electrical system,6,24.62,147.71,cash
2022-06-18,West,Wholesale,Miscellaneous,20,25.23,504.63,bank_transfer
2022-06-18,North,Retail,Suspension & traction,8,39.8,318.39,credit_card
2022-06-18,North,Retail,Breaking system,3,15.9,47.69,credit_card
2022-06-18,North,Retail,Electrical system,5,22.43,112.13,credit_card
2022-06-18,Central,Retail,Suspension & traction,5,26.97,134.84,credit_card
2022-06-18,North,Retail,Frame & body,9,49.68,447.14,credit_card
2022-06-18,North,Wholesale,Breaking system,32,21.83,698.45,bank_transfer
2022-06-18,North,Retail,Electrical system,3,32.02,96.04,credit_card
2022-06-18,Central,Retail,Electrical system,6,31.24,187.45,credit_card
2022-06-18,West,Retail,Frame & body,7,44.66,312.65,cash
2022-06-18,Central,Retail,Frame & body,9,41.11,369.99,credit_card
2022-06-18,Central,Retail,Electrical system,8,22.62,180.99,credit_card
2022-06-18,North,Retail,Breaking system,3,13.82,41.45,cash
2022-06-19,West,Retail,Breaking system,3,23.37,70.11,cash
2022-06-19,North,Wholesale,Suspension & traction,24,30.74,737.68,bank_transfer
2022-06-19,North,Wholesale,Breaking system,28,23.06,645.59,bank_transfer
2022-06-19,Central,Retail,Electrical system,2,19.13,38.25,credit_card
2022-06-19,North,Wholesale,Electrical system,4,27.08,108.32,bank_transfer
2022-06-19,Central,Wholesale,Electrical system,4,26.82,107.3,bank_transfer
2022-06-19,Central,Wholesale,Electrical system,16,24.01,384.19,bank_transfer
2022-06-20,North,Retail,Breaking system,2,24.75,49.49,credit_card
2022-06-20,North,Wholesale,Miscellaneous,36,29.78,1071.96,bank_transfer
2022-06-20,Central,Retail,Frame & body,7,44.01,308.09,credit_card
2022-06-20,Central,Retail,Suspension & traction,8,36.98,295.85,cash
2022-06-20,Central,Retail,Suspension & traction,9,37.94,341.44,credit_card
2022-06-20,Central,Retail,Breaking system,4,15.21,60.83,credit_card
2022-06-20,North,Wholesale,Electrical system,36,28.26,1017.48,bank_transfer
2022-06-20,West,Retail,Engine,8,53.63,429.07,credit_card
2022-06-20,North,Retail,Engine,5,58.46,292.33,credit_card
2022-06-21,Central,Retail,Engine,5,61.11,305.57,credit_card
2022-06-21,Central,Retail,Miscellaneous,4,23.38,93.53,cash
2022-06-21,West,Wholesale,Suspension & traction,4,39.38,157.51,bank_transfer
2022-06-21,North,Retail,Miscellaneous,5,28.72,143.58,credit_card
2022-06-21,North,Retail,Suspension & traction,2,31.28,62.56,credit_card
2022-06-21,Central,Wholesale,Frame & body,40,38.66,1546.6,bank_transfer
2022-06-21,Central,Retail,Miscellaneous,3,22.96,68.87,credit_card
2022-06-21,North,Retail,Engine,10,55.39,553.87,credit_card
2022-06-21,Central,Retail,Miscellaneous,10,19.98,199.83,credit_card
2022-06-21,Central,Wholesale,Breaking system,12,17.47,209.68,bank_transfer
2022-06-22,West,Retail,Breaking system,1,10.42,10.42,credit_card
2022-06-22,West,Retail,Engine,5,63.94,319.72,credit_card
2022-06-22,West,Retail,Frame & body,2,49.8,99.6,credit_card
2022-06-22,Central,Retail,Breaking system,4,20.64,82.55,credit_card
2022-06-22,North,Retail,Electrical system,3,32.44,97.32,credit_card
2022-06-22,Central,Retail,Engine,3,56.65,169.96,credit_card
2022-06-23,West,Retail,Frame & body,7,49.25,344.74,credit_card
2022-06-23,Central,Retail,Breaking system,5,14.96,74.79,credit_card
2022-06-23,Central,Retail,Suspension & traction,3,36.49,109.48,credit_card
2022-06-23,Central,Retail,Breaking system,9,17.39,156.46,credit_card
2022-06-23,Central,Retail,Breaking system,1,16.24,16.24,cash
2022-06-23,North,Retail,Suspension & traction,10,27.9,279.03,credit_card
2022-06-23,Central,Retail,Miscellaneous,1,18.4,18.4,credit_card
2022-06-23,Central,Retail,Breaking system,10,11.25,112.48,credit_card
2022-06-23,North,Retail,Suspension & traction,1,35.97,35.97,credit_card
2022-06-23,North,Wholesale,Frame & body,40,37.42,1496.6,bank_transfer
2022-06-23,Central,Wholesale,Suspension & traction,8,27.12,216.97,bank_transfer
2022-06-24,Central,Retail,Electrical system,8,19.16,153.28,credit_card
2022-06-24,West,Retail,Miscellaneous,4,26.73,106.91,cash
2022-06-24,Central,Retail,Electrical system,4,19.66,78.65,credit_card
2022-06-24,West,Retail,Miscellaneous,1,19.32,19.32,credit_card
2022-06-24,Central,Retail,Miscellaneous,3,29.8,89.4,cash
2022-06-24,Central,Retail,Electrical system,9,29.26,263.38,credit_card
2022-06-24,North,Retail,Miscellaneous,4,25.58,102.31,credit_card
2022-06-24,West,Retail,Frame & body,7,43.06,301.46,credit_card
2022-06-25,Central,Retail,Frame & body,6,42.99,257.95,credit_card
2022-06-25,North,Retail,Suspension & traction,10,31.71,317.1,credit_card
2022-06-25,West,Retail,Electrical system,5,18.36,91.8,cash
2022-06-25,Central,Retail,Breaking system,2,22.3,44.59,credit_card
2022-06-25,Central,Retail,Electrical system,10,20.79,207.9,credit_card
2022-06-25,North,Wholesale,Suspension & traction,8,32.95,263.57,bank_transfer
2022-06-25,Central,Retail,Miscellaneous,8,17.74,141.91,cash
2022-06-25,Central,Retail,Suspension & traction,10,37.26,372.6,credit_card
2022-06-25,Central,Retail,Suspension & traction,6,34.29,205.73,credit_card
2022-06-26,West,Retail,Electrical system,5,31.01,155.03,credit_card
2022-06-26,Central,Retail,Breaking system,5,24.02,120.11,credit_card
2022-06-26,North,Retail,Miscellaneous,3,29.93,89.8,credit_card
2022-06-26,Central,Retail,Miscellaneous,4,23.81,95.23,credit_card
2022-06-26,Central,Retail,Suspension & traction,1,31.62,31.62,credit_card
2022-06-26,North,Retail,Electrical system,6,28.14,168.84,credit_card
2022-06-26,North,Retail,Frame & body,5,48.57,242.84,credit_card
2022-06-26,North,Retail,Frame & body,1,43.95,43.95,credit_card
2022-06-26,North,Retail,Breaking system,4,20.51,82.03,credit_card
2022-06-26,Central,Retail,Suspension & traction,5,38.67,193.37,credit_card
2022-06-26,North,Retail,Electrical system,3,27.53,82.59,credit_card
2022-06-26,Central,Retail,Suspension & traction,10,33.8,337.98,credit_card
2022-06-26,Central,Retail,Frame & body,1,48.08,48.08,cash
2022-06-26,Central,Wholesale,Engine,32,57.1,1827.04,bank_transfer
2022-06-26,Central,Retail,Miscellaneous,1,21.44,21.44,cash
2022-06-26,Central,Retail,Electrical system,4,27.1,108.38,credit_card
2022-06-27,Central,Retail,Frame & body,1,42.41,42.41,credit_card
2022-06-27,Central,Retail,Engine,6,66.62,399.71,credit_card
2022-06-27,North,Retail,Electrical system,2,24.44,48.87,cash
2022-06-27,Central,Wholesale,Suspension & traction,24,40.12,962.8,bank_transfer
2022-06-27,Central,Retail,Breaking system,2,24.98,49.96,credit_card
2022-06-27,West,Retail,Breaking system,9,12.16,109.4,credit_card
2022-06-27,North,Retail,Breaking system,1,17.58,17.58,credit_card
2022-06-27,Central,Retail,Frame & body,4,49.26,197.03,credit_card
2022-06-27,Central,Wholesale,Miscellaneous,24,17.77,426.4,bank_transfer
2022-06-28,Central,Retail,Frame & body,5,44.54,222.72,credit_card
2022-06-28,North,Wholesale,Breaking system,8,11.91,95.31,bank_transfer
2022-06-28,Central,Retail,Engine,10,52.25,522.5,credit_card
2022-06-28,West,Retail,Suspension & traction,1,41.62,41.62,credit_card
2022-06-28,North,Retail,Breaking system,9,21.32,191.9,credit_card
2022-06-28,West,Retail,Miscellaneous,8,29.08,232.63,cash
2022-06-28,Central,Retail,Electrical system,6,29.5,176.99,credit_card
2022-06-28,Central,Retail,Breaking system,10,11.63,116.28,credit_card
2022-06-28,Central,Retail,Breaking system,3,17.07,51.21,credit_card
2022-06-28,North,Retail,Miscellaneous,10,25.74,257.4,credit_card
2022-06-28,North,Wholesale,Suspension & traction,28,40.43,1132.13,bank_transfer
2022-06-28,Central,Wholesale,Electrical system,36,26.12,940.14,bank_transfer
2022-06-28,North,Retail,Breaking system,10,11.48,114.75,credit_card
2022-06-28,West,Retail,Engine,7,64.31,450.18,credit_card
2022-06-29,Central,Retail,Breaking system,10,15.18,151.82,credit_card
2022-06-29,Central,Retail,Suspension & traction,8,39.33,314.64,credit_card
2022-06-29,North,Wholesale,Miscellaneous,24,26.77,642.48,bank_transfer
2022-06-29,North,Retail,Electrical system,3,26.0,78.0,credit_card
2022-06-29,West,Wholesale,Breaking system,8,23.87,190.93,bank_transfer
2022-06-29,Central,Retail,Electrical system,1,26.72,26.72,cash
2022-06-30,North,Retail,Suspension & traction,2,30.79,61.58,credit_card
2022-06-30,Central,Retail,Electrical system,3,19.14,57.41,credit_card
2022-06-30,North,Retail,Electrical system,10,24.25,242.47,credit_card
2022-06-30,Central,Retail,Electrical system,2,28.25,56.5,credit_card
2022-06-30,Central,Retail,Suspension & traction,3,29.58,88.75,credit_card
2022-06-30,Central,Wholesale,Breaking system,28,21.88,612.78,bank_transfer
2022-06-30,Central,Retail,Miscellaneous,1,22.29,22.29,cash
2022-06-30,North,Retail,Breaking system,4,12.05,48.21,credit_card
2022-06-30,Central,Retail,Breaking system,9,21.42,192.82,credit_card
2022-06-30,West,Wholesale,Miscellaneous,16,25.82,413.04,bank_transfer
2022-06-31,Central,Retail,Suspension & traction,5,27.2,136.02,cash
2022-06-31,North,Retail,Frame & body,2,39.91,79.82,credit_card
2022-06-31,West,Retail,Frame & body,7,45.66,319.64,credit_card
2022-06-31,Central,Retail,Suspension & traction,10,41.23,412.3,credit_card
2022-06-31,Central,Wholesale,Suspension & traction,36,29.5,1062.0,bank_transfer
2022-06-31,West,Retail,Frame & body,2,35.73,71.46,credit_card
2022-06-31,Central,Retail,Suspension & traction,9,39.73,357.58,credit_card
2022-06-31,Central,Retail,Engine,3,62.23,186.7,credit_card
2022-06-31,Central,Retail,Frame & body,10,42.42,424.25,cash
2022-06-31,North,Retail,Miscellaneous,4,24.42,97.68,credit_card
2022-06-31,Central,Retail,Frame & body,2,37.55,75.1,credit_card
2022-06-31,Central,Retail,Suspension & traction,9,41.62,374.6,credit_card
2022-06-31,Central,Retail,Suspension & traction,2,31.38,62.76,credit_card
2022-06-31,North,Wholesale,Frame & body,12,48.1,577.26,bank_transfer
2022-06-31,West,Retail,Breaking system,3,12.84,38.51,credit_card
2022-06-31,Central,Wholesale,Electrical system,12,21.04,252.52,bank_transfer
2022-06-31,Central,Wholesale,Breaking system,20,23.75,474.97,bank_transfer
2022-06-31,Central,Retail,Electrical system,7,30.93,216.53,credit_card
2022-07-01,West,Wholesale,Electrical system,32,21.7,694.4,bank_transfer
2022-07-01,West,Retail,Electrical system,5,25.32,126.6,credit_card
2022-07-01,North,Retail,Electrical system,7,21.49,150.44,credit_card
2022-07-01,North,Retail,Breaking system,1,16.07,16.07,credit_card
2022-07-01,West,Retail,Suspension & traction,8,28.48,227.8,credit_card
2022-07-01,Central,Wholesale,Electrical system,40,30.33,1213.13,bank_transfer
2022-07-01,North,Retail,Engine,1,54.17,54.17,credit_card
2022-07-01,Central,Retail,Suspension & traction,8,30.02,240.16,cash
2022-07-01,Central,Wholesale,Breaking system,40,20.51,820.33,bank_transfer
2022-07-01,West,Retail,Suspension & traction,8,32.34,258.68,cash
2022-07-01,North,Retail,Suspension & traction,7,32.72,229.05,credit_card
2022-07-01,Central,Retail,Suspension & traction,8,40.75,325.99,credit_card
2022-07-01,North,Retail,Breaking system,8,12.03,96.23,credit_card
2022-07-01,West,Retail,Electrical system,6,24.42,146.53,cash
2022-07-02,North,Retail,Suspension & traction,9,30.55,274.95,cash
2022-07-02,Central,Retail,Miscellaneous,8,29.78,238.27,credit_card
2022-07-02,North,Retail,Miscellaneous,4,25.78,103.11,credit_card
2022-07-02,North,Wholesale,Breaking system,36,16.49,593.76,bank_transfer
2022-07-02,North,Retail,Engine,3,61.45,184.36,credit_card
2022-07-02,North,Retail,Frame & body,7,35.39,247.73,credit_card
2022-07-02,Central,Retail,Suspension & traction,9,28.21,253.86,credit_card
2022-07-02,North,Wholesale,Engine,40,58.1,2324.2,bank_transfer
2022-07-02,North,Retail,Electrical system,5,19.1,95.52,credit_card
2022-07-02,North,Retail,Suspension & traction,4,34.42,137.69,credit_card
2022-07-02,North,Wholesale,Electrical system,24,33.3,799.32,bank_transfer
2022-07-02,Central,Retail,Suspension & traction,1,30.04,30.04,credit_card
2022-07-03,Central,Wholesale,Miscellaneous,40,26.38,1055.4,bank_transfer
2022-07-03,North,Retail,Suspension & traction,3,38.05,114.16,cash
2022-07-03,Central,Retail,Electrical system,8,20.89,167.09,credit_card
2022-07-03,West,Wholesale,Suspension & traction,40,27.02,1080.8,bank_transfer
2022-07-03,Central,Retail,Suspension & traction,8,40.91,327.28,credit_card
2022-07-03,Central,Wholesale,Miscellaneous,12,21.42,257.04,bank_transfer
2022-07-03,West,Retail,Frame & body,7,47.18,330.24,credit_card
2022-07-03,Central,Wholesale,Miscellaneous,12,16.35,196.16,bank_transfer
2022-07-03,Central,Retail,Breaking system,5,15.7,78.52,credit_card
2022-07-03,Central,Wholesale,Engine,28,59.33,1661.19,bank_transfer
2022-07-03,North,Retail,Breaking system,2,21.98,43.97,credit_card
2022-07-03,Central,Retail,Breaking system,5,11.99,59.95,credit_card
2022-07-03,Central,Retail,Electrical system,3,31.33,93.99,credit_card
2022-07-03,Central,Retail,Suspension & traction,6,38.78,232.7,credit_card
2022-07-03,Central,Wholesale,Engine,28,60.88,1704.78,bank_transfer
2022-07-03,Central,Retail,Frame & body,10,44.96,449.57,credit_card
2022-07-03,Central,Wholesale,Electrical system,24,23.51,564.24,bank_transfer
2022-07-04,Central,Retail,Frame & body,5,44.57,222.86,credit_card
2022-07-04,Central,Retail,Miscellaneous,7,23.68,165.76,credit_card
2022-07-04,Central,Retail,Suspension & traction,5,29.73,148.65,credit_card
2022-07-04,Central,Wholesale,Frame & body,36,39.55,1423.92,bank_transfer
2022-07-04,Central,Wholesale,Breaking system,8,16.65,133.23,bank_transfer
2022-07-04,North,Wholesale,Electrical system,36,20.25,729.0,bank_transfer
2022-07-04,West,Retail,Suspension & traction,1,31.17,31.17,credit_card
2022-07-04,North,Retail,Frame & body,6,48.69,292.13,credit_card
2022-07-04,Central,Retail,Suspension & traction,8,36.98,295.81,credit_card
2022-07-04,North,Wholesale,Frame & body,40,35.97,1438.73,bank_transfer
2022-07-04,North,Retail,Electrical system,1,29.96,29.96,cash
2022-07-05,North,Wholesale,Suspension & traction,16,29.72,475.49,bank_transfer
2022-07-05,Central,Retail,Suspension & traction,2,27.69,55.39,cash
2022-07-05,Central,Retail,Suspension & traction,4,39.01,156.05,credit_card
2022-07-05,Central,Retail,Suspension & traction,5,33.38,166.9,credit_card
2022-07-05,Central,Retail,Suspension & traction,6,28.7,172.21,credit_card
2022-07-05,Central,Retail,Breaking system,2,24.97,49.93,credit_card
2022-07-05,North,Retail,Electrical system,9,19.26,173.32,credit_card
2022-07-05,North,Retail,Suspension & traction,1,41.32,41.32,credit_card
2022-07-05,Central,Retail,Breaking system,4,11.08,44.3,credit_card
2022-07-06,Central,Retail,Electrical system,6,30.22,181.3,credit_card
2022-07-06,North,Retail,Electrical system,1,32.86,32.86,cash
2022-07-06,North,Retail,Suspension & traction,6,30.67,183.99,credit_card
2022-07-06,Central,Retail,Breaking system,2,15.55,31.09,credit_card
2022-07-06,Central,Retail,Miscellaneous,5,16.27,81.36,credit_card
2022-07-06,West,Retail,Electrical system,6,24.38,146.26,credit_card
2022-07-06,Central,Retail,Miscellaneous,4,16.17,64.69,credit_card
2022-07-06,Central,Retail,Breaking system,10,14.59,145.92,credit_card
2022-07-06,West,Retail,Electrical system,5,19.21,96.07,credit_card
2022-07-06,North,Wholesale,Suspension & traction,40,40.11,1604.33,bank_transfer
2022-07-06,North,Retail,Breaking system,5,18.63,93.14,credit_card
2022-07-07,Central,Retail,Frame & body,9,49.99,449.94,credit_card
2022-07-07,West,Wholesale,Breaking system,36,24.83,893.82,bank_transfer
2022-07-07,Central,Retail,Electrical system,4,32.33,129.31,credit_card
2022-07-07,North,Retail,Engine,4,58.62,234.47,credit_card
2022-07-07,Central,Wholesale,Breaking system,32,17.74,567.84,bank_transfer
2022-07-07,West,Retail,Suspension & traction,6,37.65,225.91,credit_card
2022-07-07,North,Retail,Breaking system,8,24.55,196.39,credit_card
2022-07-07,Central,Retail,Breaking system,7,24.26,169.8,credit_card
2022-07-07,Central,Wholesale,Suspension & traction,28,33.7,943.51,bank_transfer
2022-07-07,Central,Retail,Suspension & traction,4,29.25,117.01,credit_card
2022-07-07,North,Wholesale,Miscellaneous,20,29.96,599.27,bank_transfer
2022-07-07,West,Wholesale,Frame & body,20,41.48,829.7,bank_transfer
2022-07-07,North,Retail,Frame & body,2,43.48,86.96,credit_card
2022-07-07,North,Retail,Frame & body,10,42.04,420.43,credit_card
2022-07-07,North,Retail,Electrical system,10,25.32,253.23,cash
2022-07-07,Central,Retail,Breaking system,1,11.05,11.05,credit_card
2022-07-08,North,Retail,Suspension & traction,7,40.62,284.3,credit_card
2022-07-08,Central,Wholesale,Engine,40,63.66,2546.33,bank_transfer
2022-07-08,Central,Retail,Breaking system,3,17.89,53.67,credit_card
2022-07-08,Central,Retail,Miscellaneous,7,16.37,114.59,credit_card
2022-07-08,North,Retail,Frame & body,3,37.64,112.92,credit_card
2022-07-08,North,Wholesale,Miscellaneous,28,15.02,420.61,bank_transfer
2022-07-08,West,Retail,Breaking system,3,15.96,47.87,credit_card
2022-07-08,Central,Wholesale,Suspension & traction,36,30.96,1114.74,bank_transfer
2022-07-08,North,Retail,Electrical system,2,26.34,52.68,credit_card
2022-07-08,North,Retail,Frame & body,5,43.77,218.85,credit_card
2022-07-08,North,Retail,Breaking system,2,22.95,45.89,credit_card
2022-07-08,Central,Retail,Suspension & traction,1,29.24,29.24,credit_card
2022-07-09,Central,Retail,Miscellaneous,6,21.13,126.77,cash
2022-07-09,North,Retail,Suspension & traction,8,35.57,284.56,credit_card
2022-07-09,Central,Retail,Frame & body,7,39.09,273.65,credit_card
2022-07-09,North,Retail,Suspension & traction,5,29.72,148.6,credit_card
2022-07-09,Central,Retail,Electrical system,5,22.42,112.08,credit_card
2022-07-09,North,Wholesale,Electrical system,28,28.16,788.34,bank_transfer
2022-07-09,Central,Retail,Suspension & traction,2,31.72,63.43,credit_card
2022-07-09,North,Retail,Electrical system,2,26.63,53.26,credit_card
2022-07-09,North,Retail,Breaking system,4,24.11,96.45,credit_card
2022-07-09,Central,Wholesale,Frame & body,28,38.27,1071.51,bank_transfer
2022-07-09,West,Retail,Electrical system,7,21.61,151.28,credit_card
2022-07-10,Central,Retail,Suspension & traction,7,31.79,222.52,credit_card
2022-07-10,North,Wholesale,Frame & body,28,49.73,1392.53,bank_transfer
2022-07-10,North,Retail,Electrical system,4,24.61,98.45,credit_card
2022-07-10,Central,Wholesale,Engine,36,60.73,2186.16,bank_transfer
2022-07-10,West,Wholesale,Breaking system,16,24.04,384.69,bank_transfer
2022-07-10,West,Retail,Miscellaneous,7,22.51,157.55,credit_card
2022-07-10,Central,Wholesale,Electrical system,12,18.43,221.18,bank_transfer
2022-07-10,Central,Wholesale,Engine,4,56.5,226.01,bank_transfer
2022-07-10,Central,Retail,Electrical system,4,23.58,94.33,credit_card
2022-07-10,Central,Retail,Suspension & traction,4,32.7,130.81,credit_card
2022-07-10,West,Retail,Electrical system,6,21.77,130.61,credit_card
2022-07-10,Central,Retail,Frame & body,4,49.62,198.49,credit_card
2022-07-11,Central,Wholesale,Breaking system,16,14.72,235.47,bank_transfer
2022-07-11,Central,Retail,Frame & body,2,45.48,90.96,credit_card
2022-07-11,North,Retail,Breaking system,5,17.38,86.89,credit_card
2022-07-11,North,Retail,Miscellaneous,7,20.96,146.76,credit_card
2022-07-11,Central,Retail,Suspension & traction,8,35.65,285.21,cash
2022-07-11,North,Retail,Electrical system,10,19.31,193.12,credit_card
2022-07-11,West,Retail,Breaking system,8,10.36,82.92,credit_card
2022-07-11,Central,Retail,Breaking system,2,14.12,28.23,credit_card
2022-07-11,Central,Retail,Engine,10,53.02,530.18,credit_card
2022-07-11,West,Retail,Breaking system,1,17.75,17.75,credit_card
2022-07-12,North,Wholesale,Breaking system,8,12.25,97.97,bank_transfer
2022-07-12,Central,Retail,Frame & body,1,40.48,40.48,cash
2022-07-12,Central,Retail,Suspension & traction,4,30.91,123.65,credit_card
2022-07-12,North,Wholesale,Frame & body,36,49.58,1784.88,bank_transfer
2022-07-12,Central,Wholesale,Breaking system,28,17.45,488.74,bank_transfer
2022-07-12,North,Retail,Electrical system,7,33.26,232.81,credit_card
2022-07-12,Central,Retail,Suspension & traction,6,36.68,220.11,credit_card
2022-07-12,Central,Wholesale,Frame & body,24,39.2,940.88,bank_transfer
2022-07-12,West,Retail,Suspension & traction,7,29.64,207.49,credit_card
2022-07-12,Central,Retail,Electrical system,9,25.22,226.98,credit_card
2022-07-12,Central,Retail,Breaking system,10,18.27,182.68,credit_card
2022-07-12,Central,Retail,Miscellaneous,8,22.2,177.61,credit_card
2022-07-12,Central,Retail,Breaking system,4,12.05,48.21,credit_card
2022-07-12,Central,Retail,Suspension & traction,9,28.6,257.37,credit_card
2022-07-12,North,Retail,Electrical system,3,19.28,57.84,credit_card
2022-07-12,West,Retail,Electrical system,5,31.32,156.59,credit_card
2022-07-12,Central,Retail,Engine,10,63.76,637.63,credit_card
2022-07-12,West,Retail,Breaking system,10,21.26,212.6,credit_card
2022-07-13,Central,Wholesale,Frame & body,32,48.42,1549.49,bank_transfer
2022-07-13,Central,Retail,Electrical system,4,26.25,104.99,credit_card
2022-07-13,Central,Retail,Electrical system,1,32.13,32.13,cash
2022-07-13,North,Retail,Electrical system,9,20.82,187.34,cash
2022-07-13,North,Retail,Engine,2,66.1,132.19,credit_card
2022-07-13,North,Wholesale,Breaking system,40,11.61,464.4,bank_transfer
2022-07-13,Central,Retail,Suspension & traction,8,35.88,287.01,credit_card
2022-07-13,Central,Wholesale,Frame & body,12,49.47,593.6,bank_transfer
2022-07-13,Central,Retail,Breaking system,2,12.86,25.73,credit_card
2022-07-13,Central,Retail,Suspension & traction,9,27.26,245.38,credit_card
2022-07-13,Central,Retail,Engine,8,51.79,414.33,credit_card
2022-07-13,Central,Retail,Suspension & traction,2,30.53,61.07,credit_card
2022-07-14,Central,Retail,Frame & body,10,39.06,390.62,credit_card
2022-07-14,Central,Retail,Miscellaneous,9,27.97,251.7,credit_card
2022-07-14,West,Retail,Breaking system,4,24.54,98.17,credit_card
2022-07-14,North,Retail,Frame & body,8,45.42,363.33,credit_card
2022-07-14,North,Retail,Miscellaneous,5,23.94,119.68,cash
2022-07-14,Central,Retail,Frame & body,1,45.83,45.83,credit_card
2022-07-14,Central,Retail,Suspension & traction,4,40.94,163.76,credit_card
2022-07-14,North,Retail,Suspension & traction,4,28.96,115.83,credit_card
2022-07-14,West,Wholesale,Electrical system,8,19.23,153.83,bank_transfer
2022-07-15,West,Retail,Miscellaneous,1,17.1,17.1,credit_card
2022-07-15,Central,Retail,Frame & body,6,42.42,254.51,credit_card
2022-07-15,North,Retail,Suspension & traction,4,37.91,151.65,credit_card
2022-07-15,Central,Wholesale,Breaking system,40,14.2,567.93,bank_transfer
2022-07-15,North,Wholesale,Frame & body,40,46.15,1846.13,bank_transfer
2022-07-15,Central,Retail,Suspension & traction,9,26.88,241.92,credit_card
2022-07-16,West,Retail,Suspension & traction,10,29.76,297.55,credit_card
2022-07-16,West,Wholesale,Breaking system,4,23.66,94.65,bank_transfer
2022-07-16,Central,Retail,Suspension & traction,3,32.35,97.06,credit_card
2022-07-16,Central,Wholesale,Breaking system,4,16.91,67.65,bank_transfer
2022-07-16,North,Retail,Frame & body,5,38.88,194.38,credit_card
2022-07-16,Central,Retail,Suspension & traction,3,41.62,124.85,credit_card
2022-07-16,North,Retail,Electrical system,4,25.2,100.79,credit_card
2022-07-17,North,Wholesale,Miscellaneous,8,27.22,217.79,bank_transfer
2022-07-17,North,Retail,Breaking system,9,21.07,189.6,credit_card
2022-07-17,Central,Retail,Breaking system,8,12.57,100.56,credit_card
2022-07-17,Central,Wholesale,Suspension & traction,32,39.76,1272.27,bank_transfer
2022-07-17,North,Retail,Breaking system,1,10.92,10.92,credit_card
2022-07-17,Central,Retail,Electrical system,1,24.37,24.37,credit_card
2022-07-17,West,Retail,Breaking system,10,22.1,221.05,credit_card
2022-07-17,West,Retail,Frame & body,9,49.87,448.86,credit_card
2022-07-17,North,Retail,Suspension & traction,4,28.88,115.53,credit_card
2022-07-17,North,Retail,Electrical system,9,29.18,262.59,credit_card
2022-07-17,Central,Wholesale,Suspension & traction,16,31.47,503.49,bank_transfer
2022-07-17,West,Retail,Electrical system,4,27.69,110.76,credit_card
2022-07-17,Central,Retail,Electrical system,7,21.72,152.07,credit_card
2022-07-17,West,Retail,Suspension & traction,4,37.59,150.35,credit_card
2022-07-17,Central,Retail,Electrical system,2,21.1,42.2,cash
2022-07-17,North,Retail,Suspension & traction,5,30.45,152.26,credit_card
2022-07-18,West,Retail,Suspension & traction,6,38.86,233.17,credit_card
2022-07-18,Central,Retail,Frame & body,8,45.99,367.89,credit_card
2022-07-18,Central,Retail,Breaking system,2,24.88,49.75,credit_card
2022-07-18,North,Retail,Frame & body,9,39.79,358.08,credit_card
2022-07-18,West,Retail,Frame & body,5,37.54,187.71,credit_card
2022-07-18,North,Wholesale,Electrical system,24,29.08,698.04,bank_transfer
2022-07-18,Central,Retail,Breaking system,3,11.81,35.44,credit_card
2022-07-18,North,Wholesale,Breaking system,4,23.6,94.41,bank_transfer
2022-07-18,West,Wholesale,Breaking system,40,20.16,806.6,bank_transfer
2022-07-18,Central,Retail,Suspension & traction,5,40.39,201.97,credit_card
2022-07-18,Central,Retail,Miscellaneous,3,26.65,79.96,credit_card
2022-07-18,North,Retail,Miscellaneous,2,20.54,41.08,credit_card
2022-07-18,Central,Retail,Breaking system,1,13.94,13.94,credit_card
2022-07-18,North,Retail,Suspension & traction,9,40.66,365.94,cash
2022-07-18,North,Retail,Frame & body,10,40.67,406.7,cash
2022-07-19,North,Wholesale,Suspension & traction,36,30.64,1103.04,bank_transfer
2022-07-19,West,Retail,Breaking system,6,17.88,107.29,credit_card
2022-07-19,North,Retail,Suspension & traction,8,40.0,320.03,credit_card
2022-07-19,North,Retail,Suspension & traction,3,29.41,88.24,credit_card
2022-07-19,North,Retail,Electrical system,5,21.41,107.04,credit_card
2022-07-19,Central,Wholesale,Frame & body,16,41.58,665.31,bank_transfer
2022-07-20,Central,Retail,Breaking system,4,11.31,45.25,cash
2022-07-20,North,Retail,Frame & body,6,43.69,262.13,credit_card
2022-07-20,Central,Wholesale,Frame & body,32,48.07,1538.29,bank_transfer
2022-07-20,North,Retail,Breaking system,5,17.76,88.8,credit_card
2022-07-20,North,Retail,Suspension & traction,8,33.76,270.12,cash
2022-07-20,North,Retail,Suspension & traction,1,28.05,28.05,credit_card
2022-07-20,North,Retail,Electrical system,1,32.52,32.52,credit_card
2022-07-20,Central,Retail,Frame & body,6,39.5,237.02,credit_card
2022-07-20,North,Retail,Suspension & traction,8,33.49,267.91,credit_card
2022-07-20,North,Retail,Frame & body,5,47.65,238.26,credit_card
2022-07-21,North,Retail,Breaking system,3,17.12,51.38,credit_card
2022-07-21,West,Retail,Suspension & traction,7,38.53,269.73,credit_card
2022-07-21,Central,Retail,Breaking system,4,23.59,94.36,credit_card
2022-07-21,North,Retail,Suspension & traction,1,29.22,29.22,cash
2022-07-21,North,Retail,Electrical system,10,28.91,289.12,credit_card
2022-07-21,West,Retail,Breaking system,7,19.57,136.96,cash
2022-07-21,North,Retail,Breaking system,4,14.52,58.1,credit_card
2022-07-21,North,Retail,Miscellaneous,6,25.65,153.88,credit_card
2022-07-21,Central,Retail,Engine,8,59.15,473.23,cash
2022-07-21,North,Wholesale,Frame & body,40,35.92,1436.67,bank_transfer
2022-07-21,West,Retail,Suspension & traction,7,34.27,239.88,credit_card
2022-07-22,Central,Wholesale,Frame & body,20,35.78,715.67,bank_transfer
2022-07-22,North,Retail,Suspension & traction,4,35.99,143.96,credit_card
2022-07-22,Central,Retail,Breaking system,6,18.12,108.75,credit_card
2022-07-22,Central,Retail,Electrical system,10,27.49,274.92,credit_card
2022-07-22,Central,Retail,Frame & body,5,37.46,187.31,credit_card
2022-07-22,Central,Retail,Breaking system,9,14.0,125.97,cash
2022-07-22,Central,Retail,Suspension & traction,6,41.65,249.92,cash
2022-07-22,North,Retail,Suspension & traction,2,36.72,73.44,credit_card
2022-07-22,Central,Wholesale,Suspension & traction,16,38.06,609.01,bank_transfer
2022-07-22,Central,Retail,Electrical system,5,30.48,152.4,credit_card
2022-07-22,West,Retail,Suspension & traction,1,37.48,37.48,credit_card
2022-07-23,West,Retail,Electrical system,7,30.9,216.29,credit_card
2022-07-23,Central,Retail,Frame & body,2,48.88,97.77,credit_card
2022-07-23,North,Retail,Electrical system,7,19.89,139.21,credit_card
2022-07-23,Central,Retail,Breaking system,5,21.09,105.43,credit_card
2022-07-23,North,Retail,Electrical system,3,19.3,57.9,credit_card
2022-07-23,North,Wholesale,Electrical system,16,22.73,363.63,bank_transfer
2022-07-23,Central,Retail,Electrical system,4,25.48,101.93,credit_card
2022-07-23,North,Retail,Breaking system,4,17.57,70.26,cash
2022-07-23,West,Retail,Miscellaneous,6,19.9,119.43,credit_card
2022-07-24,West,Retail,Suspension & traction,2,39.04,78.08,cash
2022-07-24,Central,Wholesale,Frame & body,4,39.85,159.41,bank_transfer
2022-07-24,Central,Retail,Electrical system,2,23.95,47.9,cash
2022-07-24,North,Wholesale,Electrical system,20,21.29,425.77,bank_transfer
2022-07-24,Central,Wholesale,Suspension & traction,36,27.05,973.74,bank_transfer
2022-07-24,North,Wholesale,Electrical system,20,18.45,368.97,bank_transfer
2022-07-24,West,Retail,Miscellaneous,9,16.05,144.46,credit_card
2022-07-24,North,Wholesale,Breaking system,12,15.21,182.56,bank_transfer
2022-07-24,West,Retail,Breaking system,1,16.45,16.45,credit_card
2022-07-24,North,Wholesale,Suspension & traction,28,37.03,1036.93,bank_transfer
2022-07-24,North,Retail,Electrical system,4,27.38,109.51,credit_card
2022-07-24,North,Retail,Breaking system,1,17.06,17.06,credit_card
2022-07-24,Central,Retail,Electrical system,3,24.28,72.86,cash
2022-07-25,North,Retail,Breaking system,3,17.06,51.17,credit_card
2022-07-25,Central,Retail,Frame & body,6,48.9,293.39,credit_card
2022-07-25,Central,Retail,Miscellaneous,3,18.72,56.16,credit_card
2022-07-25,Central,Wholesale,Electrical system,8,25.95,207.56,bank_transfer
2022-07-25,North,Wholesale,Suspension & traction,8,32.39,259.12,bank_transfer
2022-07-25,North,Wholesale,Miscellaneous,28,21.56,603.77,bank_transfer
2022-07-25,North,Retail,Breaking system,2,21.59,43.18,credit_card
2022-07-25,Central,Wholesale,Breaking system,12,13.19,158.3,bank_transfer
2022-07-25,West,Retail,Breaking system,9,24.97,224.73,credit_card
2022-07-25,North,Retail,Engine,8,55.41,443.28,cash
2022-07-26,North,Retail,Miscellaneous,6,23.04,138.26,cash
2022-07-26,North,Retail,Breaking system,7,20.24,141.7,cash
2022-07-26,North,Retail,Suspension & traction,7,29.34,205.36,credit_card
2022-07-26,Central,Retail,Breaking system,3,13.4,40.18,credit_card
2022-07-26,North,Retail,Miscellaneous,3,25.28,75.84,cash
2022-07-26,North,Wholesale,Breaking system,20,16.89,337.8,bank_transfer
2022-07-26,Central,Retail,Electrical system,3,24.61,73.82,credit_card
2022-07-26,North,Retail,Electrical system,7,18.35,128.43,credit_card
2022-07-26,Central,Retail,Miscellaneous,3,19.77,59.3,credit_card
2022-07-26,West,Retail,Breaking system,4,16.63,66.53,cash
2022-07-27,Central,Wholesale,Engine,20,60.22,1204.3,bank_transfer
2022-07-27,Central,Retail,Electrical system,7,28.63,200.4,cash
2022-07-27,North,Wholesale,Suspension & traction,12,37.07,444.84,bank_transfer
2022-07-27,Central,Retail,Electrical system,10,30.39,303.9,cash
2022-07-27,North,Retail,Electrical system,10,28.56,285.63,credit_card
2022-07-27,West,Retail,Electrical system,4,21.47,85.89,credit_card
2022-07-27,Central,Retail,Engine,5,59.14,295.72,credit_card
2022-07-27,Central,Retail,Engine,10,64.64,646.45,credit_card
2022-07-28,North,Retail,Frame & body,7,40.04,280.27,credit_card
2022-07-28,West,Wholesale,Miscellaneous,32,25.42,813.44,bank_transfer
2022-07-28,Central,Wholesale,Miscellaneous,8,28.9,231.2,bank_transfer
2022-07-28,Central,Wholesale,Electrical system,32,28.76,920.37,bank_transfer
2022-07-28,West,Retail,Electrical system,6,28.37,170.21,credit_card
2022-07-28,North,Retail,Suspension & traction,6,30.74,184.42,credit_card
2022-07-28,Central,Retail,Electrical system,9,32.87,295.83,credit_card
2022-07-28,West,Wholesale,Breaking system,32,10.03,320.96,bank_transfer
2022-07-28,West,Wholesale,Electrical system,12,32.8,393.64,bank_transfer
2022-07-28,North,Retail,Frame & body,5,48.25,241.23,cash
2022-07-28,North,Wholesale,Electrical system,20,27.41,548.13,bank_transfer
